{
    "backup_date": "2025-08-24",
    "backup_time": "01-29-16",
    "backup_name": "neo4j_complete_backup_2025-08-24_01-29-16",
    "database": "neo4j",
    "format": "cypher_and_json",
    "statistics": {
        "total_nodes": 35,
        "total_relationships": 36
    },
    "files_included": [
        "neo4j_complete_backup_2025-08-24_01-29-16.cypher",
        "neo4j_complete_backup_2025-08-24_01-29-16.json",
        "neo4j_complete_backup_2025-08-24_01-29-16_metadata.json"
    ],
    "restore_command": "docker exec -i terminal-neo4j cypher-shell -u neo4j -p password < neo4j_complete_backup_2025-08-24_01-29-16.cypher"
}
